pair,direction,entry_date,exit_date,holding_days,return
CVX-XOM,-1,2019-05-28,2019-07-03,36,0.003610314230447109
BAC-JPM,1,2019-05-31,2019-07-03,33,0.011122147394641901
PG-WMT,-1,2019-01-30,2019-03-14,43,-0.015524350735684145
PG-WMT,-1,2019-03-21,2019-05-03,43,-0.007604091502183774
PG-WMT,-1,2019-05-10,2019-06-24,45,0.013127560967078455
PG-WMT,-1,2019-07-01,2019-07-03,2,-0.009685761300571638
AAPL-MSFT,1,2019-01-04,2019-02-19,46,0.043646424894651314
AAPL-MSFT,1,2019-02-26,2019-04-09,42,0.03732150693485603
AAPL-MSFT,1,2019-04-16,2019-05-16,30,-0.05609041676042115
AAPL-MSFT,1,2019-05-23,2019-05-24,1,-0.0033580245240469875
AAPL-MSFT,1,2019-06-03,2019-06-04,1,0.0032400892696875516
AAPL-MSFT,1,2019-06-11,2019-06-12,1,-0.0004823477896150896
AAPL-MSFT,1,2019-06-19,2019-06-20,1,-0.001825014941690295
AAPL-MSFT,1,2019-06-27,2019-06-28,1,-0.005047927500825167
AAPL-NVDA,-1,2019-01-30,2019-03-14,43,0.04014320931585469
AAPL-NVDA,-1,2019-04-18,2019-06-03,46,-0.08323920420749342
AAPL-NVDA,-1,2019-06-10,2019-07-03,23,0.016284275530631165
CVX-XOM,-1,2019-07-16,2019-08-27,42,-0.023686342565985896
CVX-XOM,-1,2019-09-04,2019-10-16,42,-5.083178522313769e-05
CVX-XOM,-1,2019-10-23,2019-12-05,43,-0.0028625224804949
CVX-XOM,-1,2019-12-12,2020-01-02,21,-0.008052726935791843
BAC-JPM,1,2019-09-06,2019-10-18,42,0.006079938325557421
BAC-JPM,1,2019-10-28,2019-12-10,43,-0.0031698190872230247
PG-WMT,-1,2019-07-30,2019-09-11,43,0.015376106817093893
TGT-WMT,-1,2019-08-22,2019-10-04,43,0.012113933594044113
TGT-WMT,-1,2019-10-14,2019-11-20,37,-0.07409587699940157
TGT-WMT,-1,2019-11-27,2019-11-29,2,0.003723759604367327
TGT-WMT,-1,2019-12-06,2019-12-09,3,-0.008631856591280518
TGT-WMT,-1,2019-12-16,2019-12-17,1,-0.007736528255282149
TGT-WMT,-1,2019-12-24,2019-12-26,2,-0.0024805484281016366
GOOGL-META,1,2019-07-08,2019-08-19,42,0.06145645126591992
AAPL-NVDA,-1,2019-10-11,2019-11-22,42,0.009190994904574534
AAPL-NVDA,-1,2019-12-02,2020-01-02,31,0.0026275806395865686
BAC-JPM,1,2020-02-26,2020-04-08,42,0.013920005725646112
CVX-XOM,-1,2020-02-11,2020-03-18,36,0.02269852353921098
CVX-XOM,-1,2020-03-26,2020-05-08,43,-0.03037812117097327
CVX-XOM,-1,2020-05-15,2020-06-29,45,0.02935401974919305
PG-WMT,-1,2020-01-15,2020-02-28,44,0.014322611280823683
PG-WMT,1,2020-03-18,2020-03-20,2,-0.0334445621782421
PG-WMT,1,2020-04-01,2020-04-22,21,-0.028381985653123776
PG-WMT,1,2020-04-29,2020-05-19,20,-0.028559530570260394
PG-WMT,1,2020-05-27,2020-06-18,22,0.04155350922737422
MSFT-NVDA,1,2020-02-14,2020-03-30,45,-0.044731712950002445
MSFT-NVDA,1,2020-04-06,2020-05-11,35,-0.03521994862408506
MSFT-NVDA,1,2020-05-18,2020-05-19,1,-0.007818351201072105
MSFT-NVDA,1,2020-05-27,2020-05-28,1,-8.421704973748945e-05
MSFT-NVDA,1,2020-06-04,2020-06-05,1,0.0017442826935232247
MSFT-NVDA,1,2020-06-12,2020-06-15,3,-0.011508074262431167
MSFT-NVDA,1,2020-06-22,2020-06-23,1,0.006168698469091627
MSFT-NVDA,1,2020-06-30,2020-07-01,1,2.6173922731409505e-05
AAPL-NVDA,-1,2020-01-29,2020-02-14,16,0.08349730133414712
AAPL-NVDA,1,2020-02-28,2020-03-13,14,0.06521391464104398
AAPL-NVDA,1,2020-03-24,2020-05-06,43,0.0013763610885777489
AAPL-NVDA,1,2020-05-13,2020-05-15,2,-0.045412393294398834
AAPL-NVDA,1,2020-05-22,2020-05-26,4,0.012502504891430233
AAPL-NVDA,1,2020-06-02,2020-06-03,1,0.0047112830522788585
AAPL-NVDA,1,2020-06-10,2020-06-11,1,0.005248082104531315
AAPL-NVDA,1,2020-06-18,2020-06-19,1,-0.006403326766401429
AAPL-NVDA,1,2020-06-26,2020-06-30,4,-0.004262283372244213
GOOGL-META,1,2020-05-22,2020-07-02,41,0.018277527098426782
PG-TGT,1,2020-05-11,2020-06-23,43,-0.0008002912766029713
BAC-JPM,1,2020-07-16,2020-07-28,12,0.02182020185906408
BAC-JPM,1,2020-10-14,2020-11-23,40,-0.00804624984899982
BAC-JPM,1,2020-12-01,2020-12-31,30,-0.0003884473654625076
PG-WMT,1,2020-11-19,2020-12-31,42,0.02256069603182498
CVX-XOM,-1,2020-07-22,2020-09-02,42,-0.0069847667814905146
CVX-XOM,-1,2020-11-10,2020-12-23,43,0.0396429875914881
GOOGL-META,1,2020-08-06,2020-09-18,43,0.0021957761984681134
GOOGL-META,1,2020-09-25,2020-11-06,42,0.024813294536376596
AAPL-MSFT,-1,2020-07-14,2020-07-31,17,-0.056783152420224026
AAPL-MSFT,-1,2020-08-07,2020-08-10,3,-0.018421232886020822
AAPL-MSFT,-1,2020-08-17,2020-08-18,1,-0.002489295057865659
AAPL-MSFT,-1,2020-08-25,2020-08-26,1,0.002810320981937897
AAPL-MSFT,-1,2020-09-02,2020-09-03,1,0.007857043372942796
AAPL-MSFT,-1,2020-09-11,2020-09-14,3,-0.012818124603426462
AAPL-MSFT,-1,2020-09-21,2020-09-22,1,0.002989213736436014
AAPL-MSFT,-1,2020-09-29,2020-09-30,1,-0.001331739984897773
AAPL-MSFT,-1,2020-10-07,2020-10-08,1,0.0010652153709427292
AAPL-MSFT,-1,2020-10-15,2020-10-16,1,0.005800361968600898
AAPL-MSFT,-1,2020-10-23,2020-10-26,3,-0.015464384163568545
AAPL-MSFT,-1,2020-11-02,2020-11-03,1,0.0012552211520526768
AAPL-MSFT,-1,2020-11-10,2020-11-11,1,-0.003249034069693013
AAPL-MSFT,-1,2020-11-18,2020-11-19,1,-0.0006099185684185215
AAPL-MSFT,-1,2020-11-27,2020-11-30,3,-0.014444624619308066
AAPL-MSFT,-1,2020-12-07,2020-12-08,1,0.00026770953388099983
AAPL-MSFT,-1,2020-12-15,2020-12-16,1,0.011099003051622924
AAPL-MSFT,-1,2020-12-23,2020-12-24,1,-0.0011425306068558738
PG-TGT,1,2020-08-19,2020-10-01,43,-0.003560970959730292
PG-TGT,1,2020-10-08,2020-11-19,42,-0.03697362793402814
PG-TGT,1,2020-11-27,2020-11-30,3,0.0004054983685306546
PG-TGT,1,2020-12-07,2020-12-08,1,0.0006932274559954266
PG-TGT,1,2020-12-15,2020-12-16,1,0.00025183041217236024
PG-TGT,1,2020-12-23,2020-12-24,1,0.0030605469099573845
AAPL-NVDA,1,2020-07-07,2020-08-18,42,-0.003335752842565376
AAPL-NVDA,1,2020-08-25,2020-09-29,35,-0.0655679561959408
AAPL-NVDA,1,2020-10-06,2020-10-07,1,-0.0009972852865343107
AAPL-NVDA,1,2020-10-14,2020-10-15,1,0.0012626480659068129
AAPL-NVDA,1,2020-10-22,2020-10-23,1,-0.012845811044096545
AAPL-NVDA,1,2020-10-30,2020-11-03,4,-0.013213733808861039
AAPL-NVDA,1,2020-11-10,2020-12-23,43,0.050410337233982805
BAC-JPM,1,2021-01-13,2021-02-26,44,-0.0057135450451507586
BAC-JPM,-1,2021-04-14,2021-05-26,42,0.005923863328670453
BAC-JPM,-1,2021-06-03,2021-07-02,29,-0.005494667247384233
PG-WMT,1,2021-01-22,2021-03-03,40,0.038851529951521746
GOOGL-META,-1,2021-02-03,2021-03-18,43,0.030531581314495515
GOOGL-META,-1,2021-03-25,2021-05-07,43,-0.006213013351611174
GOOGL-META,-1,2021-05-14,2021-06-28,45,0.02216549315147942
CVX-XOM,1,2021-02-08,2021-03-23,43,0.021144201637530946
CVX-XOM,1,2021-05-07,2021-06-21,45,-0.022506684843906166
CVX-XOM,1,2021-06-28,2021-07-02,4,0.007490492229622614
TGT-WMT,-1,2021-01-05,2021-02-18,44,-0.06138074824417605
TGT-WMT,-1,2021-02-25,2021-03-26,29,-0.031143848283736508
TGT-WMT,-1,2021-04-05,2021-04-06,1,0.0010077317732584135
TGT-WMT,-1,2021-04-13,2021-04-14,1,-0.003258060771337834
TGT-WMT,-1,2021-04-21,2021-04-22,1,-0.0037160719860918068
TGT-WMT,-1,2021-04-29,2021-04-30,1,9.211524815055938e-05
TGT-WMT,-1,2021-05-07,2021-05-10,3,0.002594593241696641
TGT-WMT,-1,2021-05-17,2021-05-18,1,0.016622319341017544
TGT-WMT,-1,2021-05-25,2021-05-26,1,-0.005813909882893653
TGT-WMT,-1,2021-06-03,2021-06-04,1,-0.00502981082953724
TGT-WMT,-1,2021-06-11,2021-06-14,3,-0.0021541343506684685
TGT-WMT,-1,2021-06-21,2021-06-22,1,-0.006248319171367922
TGT-WMT,-1,2021-06-29,2021-06-30,1,0.012574375834957019
AAPL-MSFT,-1,2021-01-21,2021-03-05,43,0.0738522619817028
AAPL-NVDA,1,2021-04-15,2021-05-27,42,-0.018384941581173653
AAPL-NVDA,1,2021-06-04,2021-06-17,13,-0.008972541616496743
AAPL-NVDA,1,2021-06-24,2021-06-25,1,0.002218653188493791
BAC-JPM,-1,2021-10-14,2021-11-03,20,-0.015433412281930958
BAC-JPM,-1,2021-11-10,2021-11-16,6,-0.006432093441692266
BAC-JPM,-1,2021-11-23,2021-11-24,1,-0.0064903203312584035
BAC-JPM,-1,2021-12-02,2021-12-31,29,-0.0060117492177999
PG-WMT,-1,2021-11-16,2021-12-06,20,-0.03235252372181252
PG-WMT,-1,2021-12-13,2021-12-16,3,-0.012810572032327383
PG-WMT,-1,2021-12-23,2021-12-27,4,-0.0024878438499468247
GOOGL-META,-1,2021-08-24,2021-10-06,43,-0.03256831456858689
GOOGL-META,-1,2021-10-13,2021-10-27,14,-0.050347705040945434
GOOGL-META,-1,2021-11-03,2021-12-16,43,0.011914635711494759
GOOGL-META,-1,2021-12-23,2021-12-31,8,0.007788418390845653
AAPL-NVDA,1,2021-07-07,2021-08-18,42,0.03602080659386875
AAPL-NVDA,1,2021-08-25,2021-08-27,2,-0.009981900070298533
AAPL-NVDA,1,2021-09-03,2021-09-10,7,-0.01079042567441546
AAPL-NVDA,1,2021-09-17,2021-09-23,6,-0.01227218376533279
AAPL-NVDA,1,2021-09-30,2021-10-18,18,-0.019966572651574865
AAPL-NVDA,1,2021-10-25,2021-10-26,1,-0.03238842425723176
AAPL-NVDA,1,2021-11-02,2021-11-03,1,-3.134082159039764e-05
AAPL-NVDA,1,2021-11-10,2021-11-11,1,-0.017170664406661373
AAPL-NVDA,1,2021-11-18,2021-11-19,1,-0.01339066503093267
AAPL-NVDA,1,2021-11-29,2021-11-30,1,0.025075396577058706
AAPL-NVDA,1,2021-12-07,2021-12-08,1,0.019458376555814727
AAPL-NVDA,1,2021-12-15,2021-12-16,1,0.01318122565478963
AAPL-NVDA,1,2021-12-23,2021-12-27,4,-0.011726723248079995
AAPL-MSFT,1,2021-10-27,2021-12-06,40,0.04748494951285487
TGT-WMT,-1,2021-07-07,2021-08-18,42,0.03092825788596354
TGT-WMT,-1,2021-08-25,2021-10-07,43,0.008866113501506012
TGT-WMT,-1,2021-10-14,2021-11-26,43,0.003572262131274151
TGT-WMT,-1,2021-12-03,2021-12-31,28,0.060224693178416944
PG-WMT,-1,2022-01-04,2022-02-16,43,-0.018101585511600682
PG-WMT,-1,2022-02-24,2022-04-07,42,0.05337940582739398
PG-WMT,-1,2022-05-17,2022-06-30,44,-0.0038055864303202513
BAC-JPM,-1,2022-01-04,2022-02-16,43,-0.03395667499730626
BAC-JPM,-1,2022-02-24,2022-04-07,42,0.00031007167245600264
BAC-JPM,-1,2022-04-18,2022-05-31,43,0.03484025901348908
CVX-XOM,1,2022-01-28,2022-03-01,32,0.041734374878527936
CVX-XOM,-1,2022-03-09,2022-04-21,43,0.029731953853692872
CVX-XOM,1,2022-06-01,2022-06-08,7,-0.02144775857659109
CVX-XOM,1,2022-06-15,2022-06-21,6,-0.013700040259881585
CVX-XOM,1,2022-06-28,2022-06-29,1,0.007399400076421703
AAPL-MSFT,-1,2022-04-12,2022-05-25,43,0.0509443492269086
GOOGL-META,-1,2022-02-02,2022-02-03,1,-0.1165624784597371
GOOGL-META,-1,2022-02-10,2022-02-14,4,-0.013046041617525095
GOOGL-META,-1,2022-02-22,2022-02-24,2,0.00144522999714769
GOOGL-META,-1,2022-03-03,2022-03-04,1,-0.0009264940823561219
GOOGL-META,-1,2022-03-11,2022-03-14,3,0.011278201394189447
GOOGL-META,-1,2022-03-21,2022-03-22,1,-0.002837899691578105
GOOGL-META,-1,2022-03-29,2022-03-30,1,-0.0035829647749983096
GOOGL-META,-1,2022-04-06,2022-05-19,43,0.035247436178891256
GOOGL-META,-1,2022-05-26,2022-07-05,40,-0.08499441678258535
PG-TGT,-1,2022-02-03,2022-03-18,43,0.07858826372318384
PG-TGT,-1,2022-05-18,2022-05-24,6,-0.04634786312147532
PG-TGT,-1,2022-06-01,2022-06-29,28,-0.0369592271898328
AAPL-MSFT,-1,2022-08-25,2022-10-07,43,0.0070058843407398985
AAPL-MSFT,-1,2022-10-26,2022-12-08,43,0.05518585075060489
BAC-JPM,1,2022-12-08,2023-01-03,26,0.0066165250492242755
CVX-XOM,1,2022-07-28,2022-09-09,43,0.008903760203764932
CVX-XOM,1,2022-10-05,2022-11-16,42,0.0066985960372671904
CVX-XOM,1,2022-11-23,2023-01-03,41,0.0024574031511603867
TGT-WMT,1,2022-07-07,2022-08-18,42,0.017456732397587826
TGT-WMT,1,2022-08-25,2022-10-07,43,-0.019266139064485044
TGT-WMT,1,2022-10-14,2022-11-28,45,-0.012029680774943596
TGT-WMT,1,2022-12-05,2022-12-21,16,-0.02381858841571427
TGT-WMT,1,2022-12-29,2023-01-03,5,0.004970725865346415
MSFT-NVDA,-1,2022-09-01,2022-10-14,43,-0.039260834963975366
MSFT-NVDA,-1,2022-10-21,2022-12-05,45,0.13631006491967113
BAC-JPM,1,2023-01-05,2023-02-17,43,-0.007764668331373348
BAC-JPM,1,2023-02-27,2023-03-13,14,-0.04743075144174669
BAC-JPM,1,2023-03-20,2023-03-21,1,0.000524615138528528
BAC-JPM,1,2023-03-28,2023-03-30,2,0.002574219078264939
BAC-JPM,1,2023-04-06,2023-04-10,4,-0.0010514432811945529
BAC-JPM,1,2023-04-17,2023-04-18,1,-0.003685811451669907
BAC-JPM,1,2023-04-25,2023-04-26,1,0.0007269189101248852
BAC-JPM,1,2023-05-03,2023-05-04,1,-0.009974418754309045
BAC-JPM,1,2023-05-11,2023-05-12,1,0.0004900288764868588
BAC-JPM,1,2023-05-19,2023-05-22,3,0.007022404276496141
BAC-JPM,1,2023-05-30,2023-05-31,1,-0.0031500910291375472
BAC-JPM,1,2023-06-07,2023-06-08,1,-0.00558231151737032
BAC-JPM,1,2023-06-15,2023-06-16,1,-0.004858389966844734
BAC-JPM,1,2023-06-26,2023-06-27,1,0.0014339945476862237
BAC-JPM,1,2023-07-05,2023-07-06,1,-0.01001179590563328
AAPL-MSFT,1,2023-05-26,2023-06-30,35,0.03742217647665047
PG-WMT,1,2023-06-13,2023-07-06,23,0.016354491300454965
CVX-XOM,1,2023-01-27,2023-03-13,45,-0.021985641288220004
CVX-XOM,1,2023-03-20,2023-05-02,43,-0.021122334138697352
CVX-XOM,1,2023-05-09,2023-06-22,44,0.006006535609204944
CVX-XOM,1,2023-06-29,2023-07-06,7,0.005730359333167012
PG-TGT,-1,2023-06-02,2023-07-06,34,-0.027643271672146086
MSFT-NVDA,1,2023-02-23,2023-04-06,42,-0.0027477837917534442
MSFT-NVDA,1,2023-04-14,2023-05-25,41,-0.12275387670200033
MSFT-NVDA,1,2023-06-02,2023-06-05,3,0.0015886425154210126
MSFT-NVDA,1,2023-06-12,2023-06-13,1,-0.017026295580836126
MSFT-NVDA,1,2023-06-21,2023-06-22,1,0.0082511063879811
MSFT-NVDA,1,2023-06-29,2023-06-30,1,-0.01113464222157945
GOOGL-META,1,2023-03-14,2023-04-26,43,0.009497706398716943
GOOGL-META,1,2023-05-03,2023-06-15,43,-0.0027183726705861666
GOOGL-META,1,2023-06-23,2023-07-06,13,-0.016579755987400246
AAPL-MSFT,1,2023-09-08,2023-10-20,42,-0.005610570621368827
AAPL-MSFT,1,2023-10-27,2023-11-28,32,-0.014409154997687357
AAPL-MSFT,1,2023-12-05,2023-12-29,24,-0.008423513161882279
CVX-XOM,1,2023-09-14,2023-10-26,42,0.00738763309813284
CVX-XOM,1,2023-11-02,2023-12-15,43,0.041198092985886836
TGT-WMT,1,2023-07-10,2023-08-21,42,-0.021993379608582053
TGT-WMT,1,2023-08-28,2023-09-22,25,-0.05631838141975565
TGT-WMT,1,2023-09-29,2023-10-02,3,-0.01927699424741003
TGT-WMT,1,2023-10-09,2023-10-16,7,0.00805117906939623
TGT-WMT,1,2023-10-23,2023-10-24,1,-0.0022912024130194997
TGT-WMT,1,2023-10-31,2023-11-01,1,-0.011308562839288494
TGT-WMT,1,2023-11-08,2023-11-09,1,-0.013971659472619136
TGT-WMT,1,2023-11-16,2023-12-29,43,0.038081478606693864
PG-TGT,-1,2023-07-10,2023-08-21,42,-0.024827934112574557
PG-TGT,-1,2023-08-28,2023-10-10,43,-0.029159906883988285
PG-TGT,-1,2023-10-17,2023-11-29,43,0.0669264539859975
BAC-JPM,1,2023-07-17,2023-08-28,42,0.007868930891421044
BAC-JPM,1,2023-09-25,2023-11-06,42,0.01754935394261037
BAC-JPM,1,2023-11-13,2023-12-27,44,0.029525450863635117
GOOGL-META,1,2023-07-10,2023-08-21,42,0.05333566986499538
GOOGL-META,1,2023-09-11,2023-10-23,42,-0.014318510780050753
GOOGL-META,1,2023-10-30,2023-12-12,43,-0.019976956828599457
GOOGL-META,1,2023-12-19,2023-12-29,10,0.004636858633201291
AAPL-NVDA,1,2023-07-10,2023-08-21,42,-0.09310276043474108
AAPL-NVDA,1,2023-08-28,2023-10-10,43,0.002774927404390004
AAPL-NVDA,1,2023-10-17,2023-11-29,43,-0.016475528515297988
AAPL-NVDA,1,2023-12-06,2023-12-29,23,-0.043171518526127106
